nuts,SD,EPP,EAF,G,ALDE,NI,GUE,ECR,UEN,electorate,voters
AT111,8667,6890,574,875,0,2087,0,0,0,30408,19150
AT112,28108,19952,2572,4161,0,8108,0,0,0,111465,63144
AT113,17331,15512,1615,2196,0,4770,0,0,0,78332,41586
AT121,29731,43003,3506,7288,0,12592,0,0,0,181824,96497
AT122,39914,30179,3695,7406,0,15088,0,0,0,186781,96799
AT123,20681,18478,2228,5470,0,8417,0,0,0,109129,55573
AT124,27685,47228,3627,6751,0,12831,0,0,0,174946,98503
AT125,16537,26429,1894,3244,0,7481,0,0,0,96630,55788
AT126,34436,38346,5017,13337,0,18260,0,0,0,214209,110043
AT127,39057,29575,5313,14913,0,17995,0,0,0,222493,107537
AT130,150151,75674,21992,88600,0,55470,0,0,0,1124890,398644
AT211,25953,14069,13531,8253,0,9849,0,0,0,208531,72216
AT212,12400,9522,7694,2384,0,4365,0,0,0,101817,36483
AT213,16189,9645,7880,2731,0,4673,0,0,0,123273,41270
AT221,27725,28213,6704,17110,0,10203,0,0,0,288609,91232
AT222,9824,7845,2215,1892,0,2927,0,0,0,62780,24804
AT223,29437,11314,3162,3716,0,8108,0,0,0,139262,56034
AT224,20263,39668,4688,5581,0,8268,0,0,0,209815,78825
AT225,19367,18832,3137,3319,0,6150,0,0,0,150561,51060
AT226,13555,11084,2155,1989,0,4630,0,0,0,85362,33608
AT311,22235,34874,7404,7443,0,9997,0,0,0,204140,82321
AT312,62861,44912,9479,22338,0,24425,0,0,0,394560,165343
AT313,23566,33787,2911,6585,0,8230,0,0,0,152171,75436
AT314,18647,16659,3073,5304,0,7275,0,0,0,113974,51237
AT315,25215,23610,4741,8467,0,10708,0,0,0,169706,73239
AT321,1305,2277,513,457,0,767,0,0,0,15936,5336
AT322,14007,16328,2554,3931,0,7062,0,0,0,115951,44032
AT323,21441,29904,6492,16385,0,13572,0,0,0,240423,88604
AT331,1108,3395,317,842,0,1110,0,0,0,22022,6797
AT332,13856,22928,3595,16489,0,11473,0,0,0,199386,69086
AT333,1828,7401,687,1522,0,1948,0,0,0,38546,13456
AT334,3906,11067,698,2233,0,3120,0,0,0,69680,21105
AT335,10878,21849,3065,7111,0,9226,0,0,0,165624,52359
AT341,3743,9912,1626,2573,0,3489,0,0,0,61008,21430
AT342,12360,24377,5518,11294,0,11085,0,0,0,184885,64978
ATZZZ,9550,12978,1850,8239,0,3937,0,0,0,3937,37055
BE10,171690,126696,0,56798,282846,0,0,0,0,849189,700311
BE21,190000,291490,0,0,506493,0,0,0,0,1248472,1092452
BE22,120541,157402,0,0,218772,0,0,0,0,592986,530004
BE23,159634,244342,0,0,453757,0,0,0,0,1073066,951833
BE24,81430,110627,0,3170,195588,0,0,0,0,501612,435852
BE25,139169,263602,0,0,317301,0,0,0,0,893145,782355
BE31,54932,33105,0,27476,84291,0,0,0,0,255759,219509
BE32,311732,102125,0,56659,153562,0,0,0,0,890393,735015
BE33,227686,82020,0,52298,147213,0,0,0,0,679877,569189
BE34,43688,37720,0,14249,45522,0,0,0,0,184330,154485
BE35,94392,50743,0,29037,77087,0,0,0,0,336497,281981
BEZZ,5527,0,0,3880,0,0,0,0,0,46914,37005
CY000,93196,130467,0,0,0,0,93212,0,0,0,0
CZ010,25875,82147,0,0,0,21361,45540,117892,0,978107,336911
CZ020,23124,43383,0,0,0,23261,56763,89991,0,922763,268972
CZ031,11347,24709,0,0,0,9268,28464,46660,0,503866,136779
CZ032,12443,20771,0,0,0,10352,28698,42734,0,449616,129409
CZ041,5471,7606,0,0,0,5651,12963,16670,0,242374,55859
CZ042,13780,17898,0,0,0,15993,40541,45369,0,656817,150811
CZ051,7791,15635,0,0,0,8284,16838,30024,0,342710,91879
CZ052,11029,25311,0,0,0,12080,24459,43439,0,443082,133130
CZ053,10632,25537,0,0,0,10343,23147,35366,0,406458,118894
CZ063,9899,31078,0,0,0,8556,25538,31232,0,412755,119311
CZ064,22886,64659,0,0,0,24286,55370,70540,0,923640,272572
CZ071,13172,33674,0,0,0,11034,30865,34539,0,513611,139131
CZ072,12947,38546,0,0,0,9527,25404,36259,0,477884,137999
CZ080,24507,49707,0,0,0,21029,58272,60227,0,1009802,241205
DE111,38920,68784,0,40652,14148,0,3414,0,0,359727,183792
DE112,25948,61698,0,20171,10263,0,1303,0,0,249380,133238
DE113,38980,85103,0,29243,13217,0,1750,0,0,352765,191800
DE114,19599,42199,0,10845,6212,0,798,0,0,180321,90315
DE115,39266,80534,0,28277,13271,0,2163,0,0,346244,185776
DE116,30550,67733,0,20252,12390,0,1489,0,0,288651,150893
DE117,9135,15828,0,3618,2599,0,485,0,0,77530,35859
DE118,26939,57130,0,11374,9205,0,1107,0,0,231215,120089
DE119,8050,21091,0,3621,3640,0,336,0,0,80032,41648
DE11A,13925,29978,0,8165,5572,0,643,0,0,138620,66785
DE11B,9909,32904,0,5206,3337,0,427,0,0,104539,58269
DE11C,11000,22240,0,4979,2413,0,399,0,0,97196,47003
DE11D,22835,62455,0,12107,5626,0,968,0,0,229514,115897
DE121,3217,8836,0,2922,1680,0,216,0,0,40125,18412
DE122,19812,33137,0,18582,7806,0,1888,0,0,197232,88374
DE123,34121,81623,0,18328,11216,0,1398,0,0,312973,163569
DE124,15304,42026,0,8563,4875,0,639,0,0,165459,79224
DE125,10096,16280,0,13868,3957,0,1048,0,0,93521,48053
DE126,24564,32403,0,12506,4980,0,1717,0,0,199179,84956
DE127,11210,35610,0,4478,2715,0,449,0,0,110455,60242
DE128,48134,95106,0,28397,14766,0,2159,0,0,387787,209448
DE129,6043,15238,0,3656,2358,0,389,0,0,79102,31564
DE12A,9658,28993,0,6412,4217,0,521,0,0,109374,57417
DE12B,15722,32259,0,9187,5153,0,612,0,0,139182,71769
DE12C,7380,23188,0,4266,3045,0,357,0,0,87130,43695
DE131,12958,21422,0,26303,3739,0,1741,0,0,142000,71430
DE132,18252,47353,0,19244,6847,0,905,0,0,181517,101995
DE133,13210,26765,0,10281,3843,0,568,0,0,115984,60724
DE134,28728,79737,0,18294,8582,0,1517,0,0,307032,152746
DE135,8489,27658,0,4606,3529,0,354,0,0,103277,51371
DE136,12822,37681,0,7988,5286,0,616,0,0,150893,72259
DE137,7612,27913,0,4472,3599,0,305,0,0,94715,48669
DE138,16248,42376,0,16140,6853,0,1239,0,0,192162,91265
DE139,17090,30228,0,11865,5148,0,1053,0,0,156808,73263
DE13A,10525,30677,0,7634,3625,0,485,0,0,117055,59502
DE141,18125,47078,0,14786,8037,0,1142,0,0,195041,99226
DE142,14611,31300,0,19369,5164,0,2109,0,0,145022,80115
DE143,11378,36912,0,6209,4372,0,490,0,0,140120,67933
DE144,8213,15609,0,7430,2569,0,587,0,0,78757,37745
DE145,11913,43274,0,8390,3821,0,526,0,0,134395,76230
DE146,8545,46867,0,7342,3910,0,358,0,0,136736,76145
DE147,12528,39814,0,11868,5285,0,717,0,0,147059,78248
DE148,13119,57004,0,14031,5079,0,706,0,0,195571,101293
DE149,6425,32130,0,4602,2729,0,395,0,0,95714,52123
DE211,3946,13726,0,3013,1141,0,340,0,0,85221,25317
DE212,60674,134512,0,75317,19444,0,5153,0,0,835708,322560
DE213,2100,8179,0,1970,564,0,171,0,0,41202,15251
DE214,3717,21042,0,2121,1007,0,147,0,0,82873,31707
DE215,3007,17793,0,2636,923,0,174,0,0,73284,27858
DE216,4620,24859,0,4587,1672,0,240,0,0,87400,39755
DE217,4822,22340,0,4587,1550,0,286,0,0,94987,37290
DE218,5521,23061,0,6342,1888,0,351,0,0,89172,40887
DE219,5526,24354,0,3082,1176,0,276,0,0,90502,38538
DE21A,3771,20870,0,3718,1412,0,278,0,0,88178,34557
DE21B,5342,26023,0,6436,2153,0,380,0,0,110136,45249
DE21C,9988,34911,0,10922,3043,0,534,0,0,146807,65467
DE21D,2090,17540,0,2266,1090,0,110,0,0,64732,25839
DE21E,3714,18979,0,4980,1759,0,231,0,0,80887,33100
DE21F,3246,18673,0,3351,1284,0,164,0,0,69533,29228
DE21G,2894,19651,0,2355,981,0,175,0,0,82993,29652
DE21H,15826,52097,0,16726,6747,0,891,0,0,219666,100870
DE21I,3197,17666,0,1810,884,0,154,0,0,68038,25949
DE21J,4170,20251,0,3012,1323,0,253,0,0,85211,32495
DE21K,7691,46277,0,8344,2827,0,465,0,0,178572,74603
DE21L,5734,24345,0,8284,3419,0,287,0,0,93875,45654
DE21M,5800,32125,0,5379,1789,0,333,0,0,128468,51164
DE21N,4993,22311,0,4527,1524,0,310,0,0,96368,38304
DE221,2511,11233,0,2421,791,0,173,0,0,45571,19290
DE222,1792,7280,0,1633,848,0,127,0,0,38613,13692
DE223,1225,6591,0,588,310,0,86,0,0,34081,10399
DE224,3194,17661,0,1717,856,0,140,0,0,89363,27199
DE225,1821,10518,0,749,488,0,87,0,0,64047,16133
DE226,5082,23498,0,2334,1175,0,196,0,0,84079,36366
DE227,4065,28134,0,3211,1608,0,255,0,0,110627,42159
DE228,5526,29740,0,2463,1403,0,247,0,0,145556,44835
DE229,2012,10842,0,771,497,0,89,0,0,63851,16701
DE22A,2809,20074,0,1676,821,0,163,0,0,91254,28855
DE22B,2324,19529,0,949,851,0,115,0,0,73854,28254
DE22C,2636,16195,0,1125,640,0,126,0,0,69560,24086
DE231,1976,6405,0,1003,415,0,111,0,0,33803,11326
DE232,5466,17153,0,5992,1441,0,522,0,0,96510,34912
DE233,2143,6050,0,874,399,0,109,0,0,33492,10765
DE234,5535,18658,0,1927,920,0,191,0,0,82529,31123
DE235,3133,21269,0,1459,730,0,125,0,0,101500,30372
DE236,4150,27822,0,2687,1093,0,226,0,0,95956,39668
DE237,5180,17503,0,1260,800,0,133,0,0,77126,28616
DE238,7290,31422,0,4255,1709,0,437,0,0,137989,52372
DE239,6953,23434,0,1909,863,0,275,0,0,113446,37462
DE23A,3675,15807,0,1044,610,0,115,0,0,62244,23589
DE241,2762,10449,0,3607,1035,0,218,0,0,52994,20023
DE242,4365,10708,0,3069,1284,0,286,0,0,57836,21483
DE243,2778,5811,0,1562,742,0,182,0,0,32836,12185
DE244,2571,7096,0,922,483,0,140,0,0,37200,12475
DE245,5052,29408,0,3330,1427,0,261,0,0,110652,44683
DE246,6205,20822,0,2381,1027,0,256,0,0,85897,34007
DE247,6803,14817,0,2076,1151,0,285,0,0,71566,27545
DE248,5196,22164,0,3835,1388,0,275,0,0,86136,36596
DE249,7106,19210,0,1799,893,0,267,0,0,84979,32220
DE24A,8464,18420,0,1217,728,0,212,0,0,59899,31377
DE24B,5671,13579,0,1875,939,0,193,0,0,62562,24670
DE24C,3534,13831,0,1195,602,0,127,0,0,55311,21443
DE24D,5712,13219,0,1323,601,0,178,0,0,66236,23170
DE251,2142,5221,0,1664,418,0,117,0,0,30836,11098
DE252,7879,16162,0,7633,2094,0,536,0,0,73606,37411
DE253,6896,12886,0,4284,1091,0,511,0,0,79988,28818
DE254,30828,62750,0,21893,5068,0,2732,0,0,337154,136793
DE255,2347,5563,0,1585,458,0,125,0,0,28694,11246
DE256,7745,30399,0,5384,1766,0,389,0,0,138510,51848
DE257,8055,23147,0,6139,2078,0,403,0,0,98184,43186
DE258,8241,19167,0,4806,1562,0,393,0,0,87254,38081
DE259,11847,28031,0,7342,2180,0,517,0,0,127650,55101
DE25A,5114,17453,0,2926,1051,0,207,0,0,76525,30048
DE25B,6949,22770,0,4220,1401,0,325,0,0,94887,39067
DE25C,4690,18571,0,2522,850,0,243,0,0,72468,29978
DE261,2663,8619,0,2285,993,0,281,0,0,49786,16296
DE262,3282,7101,0,1177,556,0,167,0,0,40029,13871
DE263,6433,17447,0,8517,2425,0,579,0,0,98542,40187
DE264,8020,30902,0,5401,2551,0,478,0,0,131888,52445
DE265,4351,23106,0,2657,1348,0,224,0,0,85824,35686
DE266,2984,18895,0,1861,990,0,184,0,0,65689,27629
DE267,4272,16370,0,1901,1156,0,192,0,0,68427,27290
DE268,4063,15555,0,2254,1152,0,180,0,0,67530,26648
DE269,5804,21873,0,3149,1674,0,286,0,0,95789,36091
DE26A,6342,23887,0,3665,1597,0,283,0,0,101663,40278
DE26B,5627,23571,0,2864,1284,0,293,0,0,90231,37944
DE26C,8884,27945,0,6529,2484,0,447,0,0,122550,52840
DE271,11136,35348,0,10257,2728,0,768,0,0,178486,67356
DE272,2399,10961,0,1545,905,0,135,0,0,32006,18285
DE273,2476,9519,0,1802,907,0,160,0,0,46375,16993
DE274,2869,9150,0,1511,640,0,111,0,0,29709,16542
DE275,4159,24680,0,4012,1468,0,227,0,0,94144,38656
DE276,9083,45021,0,7565,3051,0,434,0,0,178266,72213
DE277,3213,17984,0,1961,1162,0,130,0,0,71398,27803
DE278,3580,21063,0,2245,1200,0,228,0,0,88979,31978
DE279,6291,22800,0,4608,2082,0,359,0,0,117848,40641
DE27A,2655,12753,0,3003,1082,0,155,0,0,56579,22020
DE27B,3775,26055,0,3714,1654,0,216,0,0,100087,39821
DE27C,3560,26975,0,2781,1483,0,209,0,0,102108,39809
DE27D,4849,25836,0,2797,1158,0,201,0,0,98233,38555
DE27E,4597,30427,0,4557,2162,0,234,0,0,112322,46604
DE300,176955,243083,0,210032,49275,0,132381,0,0,2444105,922021
DE411,2626,2741,0,994,548,0,5426,0,0,53905,13930
DE412,7291,7806,0,2945,1461,0,13373,0,0,144356,37491
DE413,7772,8922,0,2852,1794,0,15784,0,0,157656,42337
DE414,9688,11271,0,4339,2362,0,13190,0,0,162154,47181
DE415,8600,9210,0,2631,1849,0,14308,0,0,158787,42845
DE416,4308,5392,0,1533,960,0,6118,0,0,90566,20539
DE417,4123,5745,0,738,786,0,5374,0,0,75725,18770
DE418,6535,7307,0,1331,1317,0,9419,0,0,116737,29337
DE421,2756,2689,0,870,535,0,3400,0,0,63906,11488
DE422,4175,3865,0,1716,918,0,7174,0,0,88048,19674
DE423,7838,5774,0,6073,1579,0,13061,0,0,117109,37935
DE424,8032,9715,0,2856,1833,0,11824,0,0,132728,39206
DE425,5114,9086,0,996,1240,0,7171,0,0,104790,27492
DE426,6932,8762,0,3259,1789,0,8018,0,0,123962,32454
DE427,5252,7069,0,1035,1124,0,8196,0,0,112935,26125
DE428,10832,12192,0,5650,3039,0,11824,0,0,163565,48632
DE429,4967,7236,0,1166,1324,0,8462,0,0,116515,26757
DE42A,7749,8806,0,2741,1695,0,10113,0,0,132102,35507
DE501,44810,41300,0,36105,9292,0,5816,0,0,399189,150330
DE502,9585,8615,0,3709,1968,0,811,0,0,86274,28200
DE600,106325,154690,0,103454,22991,0,11872,0,0,1227905,421029
DE711,8500,12962,0,11246,3225,0,1210,0,0,97150,40239
DE712,29155,52916,0,37710,12170,0,5135,0,0,385689,150946
DE713,4903,8986,0,3990,1487,0,719,0,0,67489,22864
DE714,15339,27559,0,12478,6117,0,1240,0,0,186573,68914
DE715,16235,31058,0,8769,4978,0,851,0,0,198240,69193
DE716,20170,30188,0,13573,6141,0,1490,0,0,209604,79334
DE717,16678,22288,0,8869,3883,0,1312,0,0,170413,60092
DE718,12008,33012,0,10904,7864,0,1195,0,0,163826,70807
DE719,25512,45241,0,12941,7226,0,2149,0,0,296193,105179
DE71A,12180,32585,0,10997,7299,0,979,0,0,162077,70328
DE71B,7061,9992,0,3038,1532,0,469,0,0,73645,25108
DE71C,17489,41667,0,12588,6672,0,1521,0,0,236705,87767
DE71D,12208,24360,0,8487,4919,0,713,0,0,137428,55435
DE71E,19394,33703,0,10855,6301,0,1398,0,0,218670,79829
DE721,17655,24549,0,9760,5191,0,1727,0,0,189558,64572
DE722,15365,26575,0,5812,3834,0,1085,0,0,194383,59056
DE723,10890,24660,0,4375,2961,0,562,0,0,131479,47423
DE724,17360,25692,0,10611,3837,0,2203,0,0,183501,65678
DE725,8224,13403,0,3074,2357,0,476,0,0,91944,30679
DE731,12928,15945,0,11642,3185,0,2039,0,0,138804,49800
DE732,9261,35744,0,5250,3630,0,695,0,0,165295,60242
DE733,12596,13464,0,2831,2136,0,663,0,0,100940,35291
DE734,26777,23518,0,8224,4219,0,1438,0,0,192690,70092
DE735,21307,19130,0,5331,4141,0,1049,0,0,150019,56140
DE736,12032,18645,0,4020,3579,0,622,0,0,129910,42715
DE737,11285,11473,0,3144,2173,0,631,0,0,88643,31459
DE801,2214,6920,0,1478,685,0,3256,0,0,42946,16055
DE802,3578,7265,0,969,783,0,6809,0,0,57140,21509
DE803,11552,15896,0,5284,2356,0,15122,0,0,163105,56299
DE804,5704,10168,0,2429,1249,0,7083,0,0,78630,29388
DE805,2762,7388,0,1027,782,0,4637,0,0,49169,19408
DE806,3722,3857,0,630,638,0,2522,0,0,36628,12561
DE807,7517,19232,0,2397,2172,0,9166,0,0,97459,45654
DE808,3646,16734,0,821,1000,0,6808,0,0,73139,32373
DE809,5959,16649,0,1319,1249,0,7630,0,0,88240,36771
DE80A,10376,21795,0,1928,1841,0,9335,0,0,106006,51287
DE80B,4753,13575,0,1088,1237,0,6807,0,0,70267,30657
DE80C,4239,10970,0,1240,1134,0,5327,0,0,56533,26071
DE80D,5321,21014,0,1408,1440,0,8338,0,0,94437,42348
DE80E,8158,18665,0,2079,1700,0,8522,0,0,96586,43884
DE80F,4474,21432,0,1250,1413,0,8210,0,0,92200,42249
DE80G,6444,18110,0,1585,1559,0,7872,0,0,85643,39692
DE80H,3010,12367,0,1063,1345,0,6160,0,0,59992,27089
DE80I,3616,13798,0,670,858,0,7178,0,0,65597,29681
DE911,23233,29003,0,12517,5146,0,2249,0,0,187660,77391
DE912,10052,11664,0,1868,1396,0,638,0,0,80901,29279
DE913,10411,14758,0,3166,1787,0,708,0,0,92024,33359
DE914,16648,28818,0,5238,2796,0,882,0,0,130857,58373
DE915,21966,31158,0,15684,4593,0,1996,0,0,198129,80277
DE916,13750,19609,0,3959,2722,0,948,0,0,120251,44103
DE917,9694,13260,0,2245,1579,0,537,0,0,77753,29673
DE918,17239,19123,0,3837,3081,0,788,0,0,117172,47001
DE919,8368,10313,0,1744,1383,0,402,0,0,67259,23940
DE91A,14669,16528,0,3636,2073,0,690,0,0,103100,40440
DE91B,13249,18553,0,4393,2351,0,780,0,0,98992,42495
DE922,15892,25790,0,7742,6041,0,974,0,0,166243,60378
DE923,14638,20227,0,4830,3016,0,807,0,0,123798,46976
DE925,30109,41950,0,10372,4695,0,1641,0,0,224077,94547
DE926,11103,12214,0,2207,1984,0,321,0,0,62697,29522
DE927,9802,15807,0,3220,2039,0,456,0,0,96827,33589
DE928,16638,20723,0,5123,2897,0,695,0,0,127292,49656
DE929,105746,134929,0,56166,24027,0,7860,0,0,837141,352259
DE931,12133,25058,0,5224,3821,0,1208,0,0,140016,51692
DE932,14945,26375,0,5676,3151,0,758,0,0,160317,54637
DE933,16105,34357,0,10647,5659,0,1191,0,0,183389,72904
DE934,2944,6720,0,4327,771,0,354,0,0,41242,16132
DE935,12730,20488,0,11178,3750,0,1389,0,0,132617,53174
DE936,9688,12695,0,5431,2314,0,654,0,0,87211,33459
DE937,11493,25265,0,5652,3787,0,600,0,0,125079,49800
DE938,10372,19826,0,4082,2378,0,627,0,0,108857,40529
DE939,15416,26582,0,6793,3917,0,824,0,0,149663,57191
DE93A,7437,13977,0,4272,1526,0,462,0,0,77360,29365
DE93B,10904,15631,0,5959,2689,0,846,0,0,102027,39009
DE941,5430,6963,0,1962,1123,0,428,0,0,57441,17366
DE942,5288,3226,0,1431,947,0,238,0,0,38774,11872
DE943,11639,14278,0,11314,3327,0,1676,0,0,120562,44629
DE944,12212,22233,0,9358,3177,0,926,0,0,119389,50421
DE945,6916,8825,0,1979,1730,0,530,0,0,66316,21845
DE946,8158,13949,0,3849,2872,0,442,0,0,88126,31066
DE947,20122,17485,0,4789,2586,0,833,0,0,147023,49238
DE948,5200,31149,0,1994,2292,0,320,0,0,110904,42469
DE949,14088,72378,0,5250,4037,0,723,0,0,227465,100234
DE94A,9110,11712,0,2924,2625,0,421,0,0,79370,28873
DE94B,11631,26066,0,3274,1738,0,329,0,0,94831,44955
DE94C,14675,17525,0,3582,2102,0,614,0,0,124771,41592
DE94D,9528,15959,0,4741,3683,0,603,0,0,94600,36866
DE94E,27435,67760,0,10771,6124,0,1154,0,0,266235,118834
DE94F,5325,32448,0,2319,2900,0,247,0,0,92422,44802
DE94G,8064,9329,0,2420,1953,0,406,0,0,71512,23787
DE94H,4360,6880,0,1126,933,0,210,0,0,44529,14338
DEA11,38891,69520,0,27346,16679,0,3930,0,0,408041,168779
DEA12,43572,40846,0,13732,6545,0,5288,0,0,354684,122231
DEA13,49764,63382,0,23484,10217,0,4612,0,0,443351,166713
DEA14,15640,29794,0,9067,6006,0,1425,0,0,167339,67032
DEA15,12603,31793,0,7412,6135,0,1302,0,0,195194,63810
DEA16,16384,19070,0,6744,3975,0,1277,0,0,130539,51595
DEA17,18512,17731,0,5714,2669,0,1885,0,0,161859,51455
DEA18,7640,12630,0,3176,2947,0,671,0,0,83581,29660
DEA19,10939,19462,0,5543,4688,0,1123,0,0,115176,45271
DEA1A,25044,36958,0,15420,8505,0,3115,0,0,256119,98114
DEA1B,18722,52842,0,8135,7245,0,1301,0,0,221746,93328
DEA1C,38190,71511,0,18752,15145,0,3203,0,0,374982,158680
DEA1D,29026,71593,0,14599,13655,0,2173,0,0,328533,141031
DEA1E,18485,48194,0,10361,9139,0,1407,0,0,224765,93830
DEA1F,44034,61591,0,15595,9744,0,3051,0,0,357708,144157
DEA21,16893,32470,0,17766,6356,0,1922,0,0,173019,79373
DEA22,19784,42057,0,23207,10592,0,2265,0,0,210108,103005
DEA23,64006,92349,0,63241,23102,0,8191,0,0,673585,268435
DEA24,11235,18093,0,5423,3336,0,851,0,0,117295,42312
DEA25,26298,42050,0,8593,6125,0,1534,0,0,225569,91937
DEA26,19806,40037,0,7177,5035,0,1254,0,0,197858,79208
DEA27,36737,60205,0,15979,12411,0,2260,0,0,335679,137651
DEA28,10884,31312,0,5738,5288,0,885,0,0,146008,58267
DEA29,14738,41539,0,5714,5734,0,1070,0,0,183895,73885
DEA2A,19718,43176,0,9122,6779,0,1308,0,0,211720,86181
DEA2B,20982,44828,0,14177,10229,0,1573,0,0,212235,98186
DEA2C,39326,93355,0,26298,17910,0,3234,0,0,431224,191772
DEA31,12612,13790,0,3149,1747,0,842,0,0,91350,36062
DEA32,23882,22151,0,5919,3224,0,2044,0,0,195849,65003
DEA33,19621,42145,0,23635,7937,0,1957,0,0,203203,100111
DEA34,20202,71320,0,9145,6812,0,1074,0,0,264510,113970
DEA35,13824,42828,0,8553,5601,0,928,0,0,164768,75634
DEA36,62025,75909,0,18370,10725,0,4828,0,0,491555,188288
DEA37,34605,74043,0,13874,9177,0,1705,0,0,327325,140243
DEA38,19739,50772,0,9180,6657,0,1115,0,0,207964,92861
DEA41,28156,41052,0,20352,6497,0,2860,0,0,239975,105788
DEA42,22548,55593,0,12301,7185,0,1355,0,0,255193,105455
DEA43,22374,31551,0,7346,4596,0,1257,0,0,195282,71844
DEA44,9198,32266,0,3342,3044,0,526,0,0,117335,51449
DEA45,35153,48144,0,12636,7829,0,2026,0,0,276085,113998
DEA46,29671,40929,0,9438,7762,0,1377,0,0,247334,96128
DEA47,14367,54454,0,8643,5436,0,1053,0,0,215835,88981
DEA51,40699,38643,0,17628,6286,0,4036,0,0,290074,118179
DEA52,53846,54095,0,24888,10025,0,6118,0,0,427536,161987
DEA53,16365,21038,0,5257,3519,0,1550,0,0,144903,52507
DEA54,15304,22178,0,4353,2735,0,939,0,0,130191,49343
DEA55,15920,14607,0,3951,1789,0,1413,0,0,122177,42669
DEA56,34952,38498,0,14226,8092,0,2581,0,0,264905,107385
DEA57,17895,59268,0,5593,4835,0,915,0,0,211171,93416
DEA58,30118,60233,0,10516,8635,0,2044,0,0,324763,122278
DEA59,7446,31046,0,2648,1998,0,371,0,0,103345,45748
DEA5A,20003,38037,0,7400,4993,0,1294,0,0,219198,78812
DEA5B,22758,52181,0,8963,7303,0,1401,0,0,229686,98850
DEA5C,43315,48955,0,13869,8124,0,2852,0,0,315208,127249
DEB11,10066,18865,0,4486,2523,0,596,0,0,81862,39201
DEB12,9669,31553,0,4904,3831,0,514,0,0,99311,54484
DEB13,14041,29224,0,3743,3352,0,657,0,0,103451,55412
DEB14,20636,28479,0,6300,5562,0,835,0,0,121319,68532
DEB15,11001,14828,0,2358,3018,0,448,0,0,70807,35260
DEB16,6288,20132,0,1586,1959,0,211,0,0,52594,32511
DEB17,22535,48619,0,6656,5034,0,839,0,0,164582,90403
DEB18,19270,36040,0,6130,4266,0,1020,0,0,138845,72420
DEB19,12965,24971,0,3928,4199,0,530,0,0,81747,50645
DEB1A,17740,24722,0,4719,3506,0,638,0,0,99972,56341
DEB1B,21267,44855,0,6440,5127,0,1002,0,0,153770,86407
DEB21,7523,14965,0,6028,1901,0,557,0,0,76177,33496
DEB22,10552,29880,0,3973,3913,0,460,0,0,90069,53247
DEB23,9658,26927,0,3067,2927,0,312,0,0,74729,46516
DEB24,5510,18287,0,1885,1730,0,230,0,0,50064,30071
DEB25,15687,34319,0,5855,3269,0,648,0,0,108797,65212
DEB31,4430,8614,0,1404,911,0,225,0,0,34309,17477
DEB32,9445,12964,0,3674,2037,0,432,0,0,72347,32135
DEB33,4068,6712,0,2469,1111,0,259,0,0,31770,16291
DEB34,14337,19689,0,4085,2479,0,908,0,0,103633,49282
DEB35,16147,26931,0,12495,4859,0,1193,0,0,128923,69472
DEB36,4758,11116,0,2728,1531,0,238,0,0,41677,22538
DEB37,3855,7408,0,1007,761,0,373,0,0,34918,16390
DEB38,4304,7559,0,2443,1001,0,309,0,0,36497,18162
DEB39,7754,10952,0,2402,1587,0,538,0,0,58890,25766
DEB3A,3664,4659,0,1003,932,0,251,0,0,27943,11987
DEB3B,17406,21935,0,5066,4152,0,695,0,0,95442,55732
DEB3C,17191,28057,0,5640,4416,0,637,0,0,104552,63469
DEB3D,11620,13301,0,2790,2681,0,444,0,0,60291,35563
DEB3E,12713,25297,0,4269,3324,0,490,0,0,90695,53283
DEB3F,14608,23587,0,3434,2656,0,502,0,0,83444,51237
DEB3G,13043,12225,0,2400,1987,0,465,0,0,61829,35457
DEB3H,12779,25772,0,5189,3749,0,562,0,0,85834,54699
DEB3I,17162,30956,0,6221,4590,0,704,0,0,113732,67890
DEB3J,23736,38678,0,10956,6768,0,1147,0,0,150646,89572
DEB3K,11916,26259,0,2992,3302,0,624,0,0,82658,52497
DEC01,37289,51450,0,12825,6457,0,3498,0,0,260803,127468
DEC02,14665,24356,0,2997,2242,0,646,0,0,83257,49546
DEC03,20645,25167,0,3841,2258,0,1284,0,0,114918,59807
DEC04,27256,40319,0,6158,3784,0,1680,0,0,162553,88587
DEC05,18062,28495,0,5565,3190,0,1073,0,0,120833,64272
DEC06,13358,24964,0,2651,1536,0,626,0,0,76436,47329
DED11,13090,23408,0,5575,4436,0,24792,0,0,208842,88016
DED12,2940,6314,0,1022,1376,0,5437,0,0,58293,20207
DED13,4341,10043,0,1331,1579,0,9208,0,0,84472,32072
DED14,2978,15476,0,972,1684,0,6905,0,0,70966,35604
DED15,5976,18010,0,1892,2644,0,11174,0,0,114456,48147
DED16,5800,23669,0,2361,3250,0,13771,0,0,121691,60505
DED17,8723,27290,0,2355,3786,0,14959,0,0,164716,71207
DED18,3276,15541,0,1033,2217,0,7314,0,0,76054,36414
DED19,5807,20617,0,1595,2634,0,11200,0,0,111058,50479
DED1A,4023,12694,0,1150,1635,0,8046,0,0,76226,35113
DED1B,4941,20591,0,1307,2235,0,11460,0,0,112672,50255
DED1C,5387,18768,0,1583,2536,0,11313,0,0,109471,47360
DED21,19929,54178,0,25141,9877,0,42411,0,0,393808,175897
DED22,2134,6426,0,1197,1036,0,4579,0,0,48033,19628
DED23,1943,3995,0,455,641,0,4719,0,0,37567,13756
DED24,4887,26086,0,2210,3287,0,12366,0,0,126298,58652
DED25,5447,22315,0,4066,3456,0,11059,0,0,124558,56340
DED26,3462,13947,0,1239,1662,0,9026,0,0,82142,36135
DED27,4193,17292,0,1568,2102,0,9878,0,0,97012,44119
DED28,4572,22800,0,2286,3304,0,12813,0,0,122291,55409
DED29,4654,23625,0,2800,2958,0,12638,0,0,118240,58155
DED2A,4469,23150,0,2765,2546,0,9642,0,0,101500,51312
DED2B,6341,23948,0,2491,3205,0,13649,0,0,125418,59754
DED31,28917,38649,0,18150,6496,0,40458,0,0,395612,149475
DED32,6307,16513,0,1703,2217,0,10036,0,0,102254,42217
DED33,2682,11927,0,775,1435,0,6037,0,0,62062,26309
DED34,8335,20504,0,2371,2338,0,13118,0,0,124776,53863
DED35,6538,18524,0,2322,2506,0,11083,0,0,110444,50333
DED36,4365,14322,0,1244,1889,0,8105,0,0,81468,35500
DEE11,5154,7727,0,1473,1453,0,6496,0,0,66376,25371
DEE12,4462,9032,0,1036,1686,0,5537,0,0,62211,25594
DEE13,3814,7436,0,671,1700,0,5160,0,0,56596,21563
DEE14,6373,12507,0,1010,1882,0,7228,0,0,85392,33942
DEE15,4349,8399,0,727,1312,0,5663,0,0,55899,24088
DEE16,7676,16667,0,1659,2466,0,10362,0,0,104576,45375
DEE21,13606,18249,0,7305,4424,0,19565,0,0,196609,72397
DEE22,7746,17389,0,1631,2837,0,10856,0,0,115175,48201
DEE23,6255,12217,0,841,1742,0,8477,0,0,87411,34555
DEE24,7851,15417,0,1387,2876,0,10311,0,0,108840,43412
DEE25,4899,11121,0,1271,2265,0,6758,0,0,67231,30782
DEE26,3850,8290,0,696,1697,0,5288,0,0,54763,23138
DEE27,4626,9202,0,718,1169,0,6122,0,0,63443,25584
DEE31,13881,15872,0,4609,3095,0,18310,0,0,189195,62767
DEE32,4855,9393,0,838,1326,0,6647,0,0,81855,26867
DEE33,5488,9216,0,814,1277,0,5381,0,0,64359,25322
DEE34,3712,9710,0,955,809,0,5201,0,0,64549,23213
DEE35,5989,11542,0,1242,1687,0,7423,0,0,81008,32016
DEE36,7285,15209,0,1555,2211,0,8297,0,0,95920,39406
DEE37,8471,15942,0,1719,1941,0,10870,0,0,109266,45237
DEE38,4614,8856,0,1080,1611,0,5156,0,0,63178,24752
DEE39,3653,8262,0,743,1043,0,5049,0,0,61557,21694
DEE3A,6587,11402,0,1417,1360,0,7299,0,0,78490,32529
DEE3B,6469,12672,0,1289,1764,0,7279,0,0,80382,33708
DEF01,5516,7486,0,3246,1201,0,507,0,0,66793,19490
DEF02,17032,21356,0,13146,3698,0,1918,0,0,176936,61516
DEF03,16040,21763,0,8453,2961,0,1466,0,0,164951,53880
DEF04,5040,7354,0,1726,956,0,338,0,0,61258,16678
DEF05,8669,20040,0,2433,2400,0,544,0,0,107791,36274
DEF06,13336,25588,0,6850,3617,0,867,0,0,143823,53760
DEF07,10753,23358,0,4506,2763,0,552,0,0,129007,44732
DEF08,14990,28725,0,5705,3638,0,654,0,0,162055,56779
DEF09,20779,38283,0,12433,5939,0,1246,0,0,225624,84153
DEF0A,10323,18673,0,5488,2326,0,629,0,0,102961,40115
DEF0B,20250,39734,0,10328,4751,0,1212,0,0,213766,81172
DEF0C,13113,28362,0,5385,2987,0,746,0,0,153316,53967
DEF0D,17219,36596,0,9277,5273,0,1381,0,0,198646,74498
DEF0E,9079,18874,0,3804,2115,0,649,0,0,105279,36750
DEF0F,16846,31195,0,10368,4775,0,1074,0,0,175106,68317
DEG01,13320,25682,0,8179,3304,0,23796,0,0,164847,82837
DEG02,6000,12577,0,2170,1558,0,13572,0,0,88658,40996
DEG03,9036,12397,0,7069,2577,0,11565,0,0,83848,47363
DEG04,2600,5043,0,987,785,0,6453,0,0,36953,18001
DEG05,4339,8894,0,4135,1141,0,6004,0,0,51472,27493
DEG06,5206,32886,0,1605,1834,0,6086,0,0,89018,52438
DEG07,6584,13263,0,1565,1488,0,10493,0,0,78557,36911
DEG09,7572,20315,0,1738,1925,0,11318,0,0,94802,48137
DEG0A,5993,14476,0,1178,1341,0,9734,0,0,75484,37003
DEG0B,9182,21626,0,2654,2997,0,17273,0,0,117138,61671
DEG0C,9940,25136,0,2962,2625,0,16035,0,0,120426,64708
DEG0D,4784,14108,0,1328,1462,0,8469,0,0,65150,34285
DEG0E,4899,11653,0,992,1158,0,7726,0,0,60116,29579
DEG0F,8100,20062,0,2824,2243,0,13556,0,0,98645,52880
DEG0G,5899,16598,0,1978,1860,0,8777,0,0,73264,40321
DEG0H,4132,9894,0,898,976,0,7425,0,0,55681,26441
DEG0I,8664,20855,0,2197,2215,0,14012,0,0,106518,55056
DEG0J,6558,16538,0,2020,1995,0,10531,0,0,76095,42711
DEG0K,6412,15903,0,1541,1797,0,10819,0,0,78906,41545
DEG0L,7795,21301,0,2018,2264,0,11994,0,0,100144,52079
DEG0M,6641,16464,0,1294,1881,0,11056,0,0,91868,42790
DEG0N,3149,5798,0,1456,663,0,4959,0,0,36466,18146
DEG0P,10298,23422,0,2667,2720,0,15240,0,0,116739,63613
DK001,64372,19801,31431,31648,264133,0,19874,0,0,446336,0
DK002,70276,35099,37732,19553,274933,0,15020,0,0,447305,0
DK003,39026,23665,22449,11841,174976,0,8310,0,0,271889,0
DK004,28155,13006,14615,6520,108330,0,4672,0,0,174683,0
DK005,33425,10532,17670,7560,127180,0,4932,0,0,227163,0
DK006,37173,10737,15233,6604,118738,0,4685,0,0,201159,0
DK007,6169,851,2423,713,19932,0,881,0,0,33488,0
DK008,56809,23075,25628,13709,204384,0,7392,0,0,357772,0
DK009,29921,8639,13877,3821,109687,0,2780,0,0,186863,0
DK00A,29542,5983,10801,3215,96837,0,2671,0,0,165218,0
DK00B,41391,11593,20602,6662,155081,0,3529,0,0,263415,0
DK00C,29471,8472,11715,3919,128416,0,2814,0,0,201943,0
DK00D,74491,22862,37504,21598,285279,0,10963,0,0,486957,0
DK00E,24513,6659,10864,4058,103284,0,2948,0,0,174686,0
DK00F,53678,13998,28172,9345,210364,0,6515,0,0,373786,0
EE001,34958,17273,0,0,30577,9502,0,0,0,314395,94929
EE004,12013,4832,0,0,8729,3320,0,0,0,125893,29620
EE006,9761,4428,0,0,6746,3031,0,0,0,106220,24544
EE007,2987,2234,0,0,6331,3132,0,0,0,65863,15316
EE008,25710,11064,0,0,16692,12870,0,0,0,261438,67821
ES111,167837,204448,0,0,60655,0,0,0,0,1054019,451565
ES112,59735,83663,0,0,17080,0,0,0,0,347283,165241
ES113,52188,91248,0,0,15736,0,0,0,0,355355,163359
ES114,136813,169714,0,0,48285,0,0,0,0,850734,370511
ES120,204889,195972,0,0,257,0,0,0,0,986218,441647
ES130,104564,129811,0,0,496,0,0,0,0,479727,247446
ES211,31486,30694,0,0,23551,0,0,0,0,247400,98986
ES212,57298,35701,0,0,64859,0,0,0,0,582181,202540
ES213,110557,82222,0,0,160733,0,0,0,0,974400,404599
ES220,69833,90336,0,0,4188,0,0,0,0,467018,199888
ES230,55410,64795,0,0,207,0,0,0,0,235311,126373
ES241,40381,34589,0,0,101,0,0,0,0,177199,85580
ES242,25846,25879,0,0,20,0,0,0,0,115982,59188
ES243,154492,131938,0,0,157,0,0,0,0,727015,336751
ES300,941954,1088712,0,0,2102,0,0,0,0,4471616,2197863
ES411,28053,50397,0,0,18,0,0,0,0,143687,82180
ES412,60910,87517,0,0,184,0,0,0,0,303456,158585
ES413,104257,102314,0,0,99,0,0,0,0,450668,216522
ES414,35112,44625,0,0,31,0,0,0,0,152491,84172
ES415,62871,89764,0,0,52,0,0,0,0,312030,159675
ES416,26966,38239,0,0,19,0,0,0,0,124736,69295
ES417,14850,21418,0,0,24,0,0,0,0,78546,38188
ES418,102482,118048,0,0,95,0,0,0,0,432249,235140
ES419,36788,50414,0,0,30,0,0,0,0,181938,91214
ES421,68548,70481,0,0,24,0,0,0,0,298925,146660
ES422,92550,93070,0,0,37,0,0,0,0,393132,193017
ES423,42488,49315,0,0,12,0,0,0,0,165372,95382
ES424,34049,41003,0,0,37,0,0,0,0,152248,80126
ES425,106302,119020,0,0,57,0,0,0,0,452472,235609
ES431,137463,111430,0,0,49,0,0,0,0,538973,260932
ES432,90620,77404,0,0,37,0,0,0,0,346541,175682
ES511,711020,293873,0,0,251545,0,0,0,0,4020221,1593578
ES512,67152,23678,0,0,46943,0,0,0,0,477267,188635
ES513,44565,21419,0,0,31583,0,0,0,0,312335,125163
ES514,84384,38134,0,0,39032,0,0,0,0,519964,209586
ES521,243360,292284,0,0,3943,0,0,0,0,1183043,571612
ES522,90773,101633,0,0,2766,0,0,0,0,403072,207457
ES523,403536,475031,0,0,12918,0,0,0,0,1888465,968717
ES53,101212,121587,0,0,9394,0,0,0,0,696214,261109
ES611,87703,81182,0,0,74,0,0,0,0,431025,179231
ES612,159678,110664,0,0,90,0,0,0,0,930544,300699
ES613,154489,103734,0,0,46,0,0,0,0,633515,291738
ES614,169070,124962,0,0,104,0,0,0,0,697208,319682
ES615,78233,43757,0,0,49,0,0,0,0,379422,134178
ES616,154139,96046,0,0,43,0,0,0,0,526454,272384
ES617,209922,154934,0,0,155,0,0,0,0,1050626,403729
ES618,336241,181122,0,0,144,0,0,0,0,1434938,579962
ES620,168050,272400,0,0,101,0,0,0,0,944397,462184
ES630,7010,10388,0,0,9,0,0,0,0,56732,17874
ES640,6815,8023,0,0,8,0,0,0,0,49060,15298
ES707,101218,125714,0,0,298,0,0,0,0,741688,268202
ES709,104950,88446,0,0,339,0,0,0,0,730932,267348
FI131,12166,8170,0,2795,16651,2388,0,0,0,133055,45629
FI132,14891,8381,0,4881,28271,6038,0,0,0,203410,68346
FI133,15716,5653,0,2700,14179,2157,0,0,0,135899,43097
FI134,1957,2405,0,822,9627,5521,0,0,0,70528,21618
FI181,106954,154091,0,83626,80779,41898,0,0,0,1070246,494986
FI182,5823,5706,0,2925,13415,1703,0,0,0,72231,30766
FI183,28743,43218,0,16729,34411,15277,0,0,0,366488,146257
FI184,14500,15366,0,3931,11232,4333,0,0,0,133405,52669
FI185,14615,18184,0,4795,11314,5095,0,0,0,161233,59192
FI186,19378,11482,0,3685,12127,3197,0,0,0,152707,52818
FI187,11359,8361,0,2627,11112,1574,0,0,0,111756,38017
FI193,17219,14057,0,7415,23916,7896,0,0,0,215338,76665
FI194,6149,11123,0,1543,38616,2493,0,0,0,156825,64381
FI195,6383,5645,0,2232,40131,3134,0,0,0,147921,63591
FI196,20108,14711,0,3460,18342,9404,0,0,0,192271,70295
FI197,31712,38838,0,18382,24890,18205,0,0,0,371138,142769
FI1A1,2278,1967,0,668,11051,1215,0,0,0,57410,21129
FI1A2,11428,17856,0,6905,48505,11715,0,0,0,290950,101942
FI1A3,7907,7342,0,2566,28127,8004,0,0,0,160733,55749
FI200,1239,215,0,157,4942,44,0,0,0,24443,6668
FR101,154309,120694,61723,60153,75032,0,39607,0,0,1139348,574253
FR102,70735,46352,57536,17661,30766,0,25969,0,0,734931,289281
FR103,85531,80248,60323,24692,59028,0,23617,0,0,846096,384694
FR104,82457,46424,47633,21808,35475,0,27526,0,0,692767,302819
FR105,90259,80307,50089,26451,60174,0,28581,0,0,837797,396741
FR106,62254,26531,39754,16390,21654,0,36867,0,0,640669,241750
FR107,76001,47476,42000,22088,35011,0,35369,0,0,695397,298124
FR108,63714,39181,42415,16172,28418,0,23823,0,0,619688,250486
FR211,23900,11840,13813,3091,7798,0,5253,0,0,194028,75126
FR212,20519,17719,17232,3727,8224,0,4739,0,0,196070,81504
FR213,39448,26276,25578,7978,20435,0,8074,0,0,373709,143250
FR214,15080,11132,11966,2728,5646,0,3188,0,0,142032,57016
FR221,44541,20584,32452,8137,15860,3492,13874,0,0,367852,150034
FR222,53998,28826,46308,14416,23633,3493,16298,0,0,515216,202870
FR223,48879,16033,36098,9075,25894,9147,19110,0,0,400736,175510
FR231,43285,20700,33059,11121,21717,4651,11007,0,0,381024,157376
FR232,115670,44852,56390,25626,41662,7424,34064,0,0,842957,349437
FR241,27366,18279,17172,5258,8795,2391,11838,0,0,227972,96140
FR242,31432,20890,26364,6773,14154,2868,6472,0,0,279621,114718
FR243,27175,13177,14301,3786,7022,2228,5895,0,0,176472,77511
FR244,49461,32680,29730,12131,17024,3030,12632,0,0,378853,164558
FR245,27563,17280,22491,6435,12918,3036,7025,0,0,233798,101643
FR246,47104,36289,35812,12386,20698,4902,11895,0,0,414027,177468
FR251,59391,28427,30632,15900,25788,8866,10769,0,0,459099,193478
FR252,39688,26171,24034,9292,18769,7095,7467,0,0,360120,143834
FR253,22700,15211,19679,6135,11486,2595,4324,0,0,214099,89390
FR261,45201,24436,24037,9378,17913,0,7102,0,0,333693,142364
FR262,27401,10267,10794,3073,6381,0,6760,0,0,169295,72445
FR263,53836,26643,25953,8503,16873,0,10662,0,0,400221,158642
FR264,26294,16638,20873,5417,10326,0,6671,0,0,237404,98244
FR301,205741,94366,128210,50441,71789,13824,75629,0,0,1740899,685146
FR302,138412,48193,77773,25853,35568,15417,57169,0,0,1058256,429308
FR411,60234,28003,30636,12190,22081,0,14434,0,0,475140,187292
FR412,16266,8591,11719,3117,7563,0,2723,0,0,139253,57600
FR413,67906,32133,42678,17603,39929,0,12275,0,0,725820,244484
FR414,33900,21695,22856,6279,12629,0,5750,0,0,285406,117662
FR421,56000,60215,43296,22373,39720,0,7226,0,0,690117,261114
FR422,38027,33714,34686,14800,26445,0,5871,0,0,490802,181715
FR431,48848,28636,25509,9862,15858,0,6898,0,0,338510,149737
FR432,23079,13302,16840,5644,7852,0,4966,0,0,181993,80551
FR433,24434,13887,15991,3801,6869,0,4104,0,0,176096,77949
FR434,11612,6797,7296,2626,3349,0,2541,0,0,89954,38266
FR511,125095,44134,61560,34436,38943,8330,23011,0,0,840914,376901
FR512,57133,44854,41579,17126,29157,3835,11539,0,0,518796,220608
FR513,22420,12275,16601,6575,15008,1367,4204,0,0,215031,86675
FR514,44927,23275,31719,10491,14498,2385,12554,0,0,387777,151710
FR515,44388,17042,82644,10295,16601,4342,7971,0,0,438950,193977
FR521,67739,24055,24712,15941,28556,2169,19537,0,0,432540,202926
FR522,103855,47255,30390,22630,36941,3038,17193,0,0,641172,287332
FR523,88060,37338,37484,26931,41617,4203,16041,0,0,626505,278836
FR524,66045,33886,37990,16513,29602,3963,14727,0,0,509024,225287
FR531,39158,16983,18857,6178,9531,3322,8681,0,0,255516,109037
FR532,53592,30234,35596,11448,16720,7426,12356,0,0,425036,180628
FR533,35981,20846,20398,7482,9433,2407,6030,0,0,263403,110060
FR534,40795,25805,19435,9494,11358,4039,9579,0,0,289798,128004
FR611,42259,23186,18573,10388,16514,4998,17237,0,0,304398,142820
FR612,117956,61437,47730,34446,50358,14825,29930,0,0,886427,378406
FR613,42379,18724,11078,6428,15771,7240,9723,0,0,265674,118004
FR614,27253,13682,18450,6856,16202,4463,9032,0,0,231470,102900
FR615,60343,35589,17394,16025,37562,7038,12458,0,0,460320,201837
FR621,20417,5509,5327,4335,4535,2171,5438,0,0,110116,50657
FR622,28570,17730,10267,7478,16759,3594,6581,0,0,214804,98116
FR623,116183,44173,37351,35883,42520,5477,25029,0,0,733384,325415
FR624,21846,9056,7827,4509,8371,2864,4777,0,0,137606,63548
FR625,20897,9319,6363,5433,7611,2610,5927,0,0,129883,62406
FR626,25769,10223,7216,5154,10511,3005,8721,0,0,171066,75076
FR627,39480,18046,17069,10160,18543,3758,9439,0,0,265044,125333
FR628,19550,10873,10820,5319,8725,3324,5153,0,0,156940,69260
FR631,31480,23713,9179,4204,6083,2456,10847,0,0,188148,91169
FR632,15475,8730,5806,2295,2990,1601,4228,0,0,100725,42748
FR633,49162,20573,14910,8450,8642,3160,13891,0,0,260805,123463
FR711,37456,22801,25283,10575,16870,2816,7321,0,0,347353,131528
FR712,30897,14806,14620,7367,12630,4305,9127,0,0,224491,99755
FR713,41409,18149,22684,12139,20510,4094,9824,0,0,317887,136759
FR714,97469,43818,42900,30358,34324,3913,24074,0,0,730711,292582
FR715,57229,37267,32627,13532,21785,2741,14032,0,0,487900,190343
FR716,112494,73032,67036,36411,58551,3010,22986,0,0,942213,393993
FR717,31028,21597,16169,10604,12782,1355,7708,0,0,270744,107913
FR718,41492,33074,28860,17379,25349,1939,7632,0,0,437469,167109
FR721,31562,21519,16196,5855,10465,2131,17043,0,0,255371,110273
FR722,14568,14693,5091,2767,5301,1955,2790,0,0,123558,49306
FR723,19785,18479,11120,4921,7451,1358,4675,0,0,168410,71172
FR724,68116,40782,21025,13189,18804,2880,16483,0,0,431294,189650
FR811,38792,14789,16521,7256,9145,3617,11730,0,0,242720,109422
FR812,44239,27496,34545,14128,22326,5058,23732,0,0,455192,184989
FR813,72569,38893,46906,25268,30996,8332,28262,0,0,655213,268870
FR814,5879,6053,3049,2066,4577,910,2207,0,0,59186,26684
FR815,33297,17940,20431,8486,12703,3318,12544,0,0,296164,117970
FR821,15569,9174,7977,3914,4250,1960,4943,0,0,112613,51402
FR822,13642,7393,5904,3816,5041,1617,3305,0,0,97709,43509
FR823,64282,55264,54626,16200,28837,2550,15637,0,0,677404,254670
FR824,129236,68609,88066,31469,41909,8676,45110,0,0,1179518,442075
FR825,65401,48837,59131,14014,26966,6103,16850,0,0,667831,255916
FR826,40025,22384,35050,10027,14016,3806,10207,0,0,350744,145599
FR831,5800,6351,3270,1897,1439,401,3243,0,0,88535,24102
FR832,8490,7422,2741,1648,1539,583,3710,0,0,107565,29038
FR910,2654,6173,716,19430,2300,0,834,0,0,289620,41022
FR920,3443,3502,541,1267,16963,0,3196,0,0,272021,44935
FR930,930,1935,362,2298,410,0,166,0,0,53804,7258
FR940,45239,40801,2926,4556,7389,0,2104,0,0,464355,174260
FRX10,159,177,65,243,91,0,34,0,0,4816,827
FRX20,2276,4576,555,465,2408,0,262,0,0,55504,14232
FRX30,1791,1476,103,70,662,0,80,0,0,10128,4313
FRX40,10111,26405,758,1867,4531,0,265,0,0,152631,60251
FRX50,5586,11058,4814,2554,4753,0,480,0,0,132569,32549
GR111,34587,48981,0,0,0,0,7552,0,0,171643,102338
GR112,20174,28826,0,0,0,0,6844,0,0,107374,63193
GR113,20253,29501,0,0,0,0,7437,0,0,114070,65141
GR114,23763,35425,0,0,0,0,5567,0,0,117231,72404
GR115,32623,44931,0,0,0,0,10507,0,0,146947,96086
GR121,32546,42184,0,0,0,0,11610,0,0,138684,98240
GR122,161197,223862,0,0,0,0,80195,0,0,751445,539578
GR123,21561,34274,0,0,0,0,8659,0,0,108728,73622
GR124,35338,47982,0,0,0,0,8670,0,0,152237,104389
GR125,28470,40404,0,0,0,0,8755,0,0,126330,85970
GR126,44641,79646,0,0,0,0,13050,0,0,243284,150901
GR127,23539,35822,0,0,0,0,7116,0,0,99118,72603
GR131,9849,12231,0,0,0,0,3525,0,0,45920,28008
GR132,10131,19395,0,0,0,0,2623,0,0,62448,35399
GR133,37342,50731,0,0,0,0,11508,0,0,161363,109594
GR134,12236,18412,0,0,0,0,3191,0,0,85084,38490
GR141,29185,42874,0,0,0,0,11210,0,0,141567,88955
GR142,55495,74059,0,0,0,0,26403,0,0,248135,169105
GR143,39792,51303,0,0,0,0,16773,0,0,177826,118705
GR144,32780,42797,0,0,0,0,13602,0,0,153531,95883
GR211,16275,24892,0,0,0,0,6051,0,0,83326,50270
GR212,11079,13411,0,0,0,0,2933,0,0,57940,29301
GR213,35117,44067,0,0,0,0,13998,0,0,171984,100899
GR214,13623,18189,0,0,0,0,5048,0,0,66056,39133
GR221,8330,9252,0,0,0,0,3585,0,0,43808,22295
GR222,20250,24286,0,0,0,0,10736,0,0,108953,59857
GR223,6909,8829,0,0,0,0,4618,0,0,56730,22217
GR224,4672,5816,0,0,0,0,2902,0,0,28806,14387
GR231,51272,64339,0,0,0,0,14452,0,0,245829,137722
GR232,71384,68601,0,0,0,0,21578,0,0,272194,173265
GR233,41387,45378,0,0,0,0,9332,0,0,181189,101754
GR241,27192,31830,0,0,0,0,9810,0,0,112002,75444
GR242,51195,56998,0,0,0,0,15262,0,0,204955,133842
GR243,5825,7520,0,0,0,0,1062,0,0,33402,15429
GR244,37032,52076,0,0,0,0,10082,0,0,158119,107747
GR245,9175,14347,0,0,0,0,3275,0,0,49701,28917
GR251,20824,30892,0,0,0,0,5594,0,0,97140,61651
GR252,22966,31941,0,0,0,0,6888,0,0,137114,66677
GR253,32718,40449,0,0,0,0,7670,0,0,137346,88503
GR254,15429,33043,0,0,0,0,5067,0,0,137336,57731
GR255,32422,55178,0,0,0,0,11948,0,0,208538,107715
GR300,564428,689041,0,0,0,0,324840,0,0,2885808,1770271
GR411,21207,25400,0,0,0,0,13423,0,0,139792,64589
GR412,7961,10094,0,0,0,0,6161,0,0,54303,26034
GR413,12866,14037,0,0,0,0,3398,0,0,66470,31872
GR421,42044,43555,0,0,0,0,8579,0,0,176525,101175
GR422,23706,33185,0,0,0,0,6549,0,0,120018,67584
GR431,85394,55461,0,0,0,0,14111,0,0,239281,162066
GR432,23338,17518,0,0,0,0,3764,0,0,70001,46564
GR433,18977,18814,0,0,0,0,3740,0,0,69230,43593
GR434,33393,31706,0,0,0,0,10066,0,0,137889,80458
GRZZZ,9435,9789,0,0,0,0,3524,0,0,34113,25066
HU101,246476,267598,0,0,87482,0,0,37822,0,1383060,681028
HU102,105353,164128,0,0,27750,0,0,18717,0,877236,334882
HU211,41845,61853,0,0,8869,0,0,6041,0,340188,124509
HU212,37553,39882,0,0,6887,0,0,4176,0,250716,92645
HU213,37103,64136,0,0,7734,0,0,7035,0,297910,121052
HU221,44635,83920,0,0,8450,0,0,9203,0,351510,151985
HU222,24762,51519,0,0,5754,0,0,5473,0,214117,90815
HU223,27554,50394,0,0,5323,0,0,5117,0,239907,92359
HU231,46378,55181,0,0,8584,0,0,6728,0,323082,122123
HU232,32155,49141,0,0,4866,0,0,3953,0,268994,94042
HU233,22567,37395,0,0,3908,0,0,4564,0,197974,71664
HU311,80305,84170,0,0,11112,0,0,8729,0,576121,195558
HU312,35945,38918,0,0,6056,0,0,4611,0,260201,91327
HU313,22413,28841,0,0,3043,0,0,3299,0,174063,62190
HU321,42593,73080,0,0,7249,0,0,6451,0,430652,135811
HU322,39838,46359,0,0,6088,0,0,5076,0,328816,103849
HU323,49416,66477,0,0,6234,0,0,5663,0,443853,134060
HU331,40161,82647,0,0,8088,0,0,9123,0,432785,146600
HU332,35862,50726,0,0,5684,0,0,5609,0,314462,103801
HU333,41452,60487,0,0,8366,0,0,6499,0,338116,123138
IE0,188132,494412,0,76917,524504,299088,197715,0,0,3143025,1780768
IT,10105836,8720971,0,0,0,0,1969776,0,3736606,49804087,32516246
LT001,0,7643,0,0,28158,4019,11175,0,4088,147038,65592
LT002,0,39071,0,0,109564,16177,37902,0,15354,525926,246367
LT003,0,11944,0,0,56651,14381,14989,0,8574,289082,121323
LT004,0,7597,0,0,27222,4419,10866,0,5337,144211,62791
LT005,0,14506,0,0,47278,7543,17586,0,12501,231153,113798
LT006,0,11179,0,0,59549,10580,18096,0,11329,278506,125686
LT007,0,5342,0,0,17238,2706,8738,0,3494,102297,43429
LT008,0,4325,0,0,25305,7808,7055,0,5219,133660,58108
LT009,0,7102,0,0,26494,5456,10390,0,7570,143143,65346
LT00A,0,43124,0,0,102137,78268,37327,0,15985,659295,304628
LU000,239967,403370,0,163204,248743,0,0,0,0,229550,191886
LU000,239967,403370,0,163204,248743,0,0,0,0,229550,191886
LU000,239967,403370,0,163204,248743,0,0,0,0,229550,191886
LU,239967,403370,0,163204,248743,0,0,0,0,229550,191886
MT000,118983,97688,0,22938,0,0,0,0,0,304283,245722
NL111,19008,11407,0,3540,5428,0,2986,0,0,119809,46198
NL112,5123,4670,0,1413,1549,0,886,0,0,40270,15126
NL113,38729,32770,0,19252,20209,0,11028,0,0,286696,131464
NL121,31329,34763,0,12324,12005,0,5839,0,0,251394,103602
NL122,8455,12126,0,3945,4196,0,1729,0,0,78876,32765
NL123,22254,20120,0,7122,8497,0,3725,0,0,155850,65973
NL131,21925,15809,0,7912,12404,0,3561,0,0,140022,66016
NL132,19325,13682,0,5049,7334,0,2578,0,0,131598,51192
NL133,11941,14162,0,4260,7643,0,1958,0,0,97432,42464
NL211,24542,54606,0,12114,13951,0,5631,0,0,255075,115612
NL212,12911,13595,0,6547,7537,0,2905,0,0,109997,45565
NL213,45419,74374,0,20278,28636,0,11155,0,0,460897,187822
NL221,37757,97172,0,24150,31880,0,8745,0,0,477886,210422
NL225,31441,39369,0,14674,20859,0,8510,0,0,292427,121021
NL226,54625,51718,0,36831,33734,0,18663,0,0,538389,207960
NL224,15715,22967,0,8057,11681,0,3408,0,0,169675,66049
NL230,22374,25902,0,12097,19293,0,6093,0,0,251223,92977
NL310,74910,108654,0,66916,75617,0,24716,0,0,864486,375180
NL321,24281,24925,0,15522,20067,0,6776,0,0,273197,99585
NL322,17838,13472,0,12015,13067,0,4806,0,0,169404,66233
NL323,14199,11941,0,9228,9890,0,3581,0,0,140283,53428
NL324,16662,12740,0,13998,16255,0,5267,0,0,165654,71820
NL325,13556,6751,0,7424,6801,0,4023,0,0,115899,42369
NL326,84670,44586,0,68589,65948,0,27831,0,0,868332,322544
NL327,16546,19477,0,14283,21032,0,4770,0,0,183164,82758
NL331,24351,35574,0,21699,26958,0,8005,0,0,289246,125800
NL332,47704,45392,0,35349,52575,0,13119,0,0,576472,214926
NL333,12296,22140,0,9493,13230,0,3509,0,0,156242,65913
NL334,19136,36538,0,13711,19361,0,5771,0,0,237687,101934
NL335,94319,89912,0,48356,59176,0,25970,0,0,1005296,353444
NL336,26337,48591,0,12705,16849,0,6958,0,0,295681,119541
NL341,6569,9199,0,4403,5576,0,1526,0,0,80243,29331
NL342,16366,34258,0,10877,14114,0,4596,0,0,204665,86459
NL411,32948,39305,0,31242,27657,0,11097,0,0,458779,152705
NL412,23971,38715,0,17668,18751,0,11595,0,0,340146,117391
NL413,35505,60654,0,24334,28136,0,20570,0,0,471048,178687
NL414,40199,58660,0,29295,42208,0,17006,0,0,545708,198538
NL421,12764,34529,0,7507,8610,0,4263,0,0,207759,70725
NL422,10971,32795,0,6470,7225,0,3683,0,0,178387,64018
NL423,35578,76291,0,20708,15761,0,13488,0,0,483584,170120
PL,894018,1854115,969689,0,446549,498520,0,771858,656782,29986109,6091531
PT,2648770,0,0,0,0,0,476714,0,0,8821456,3270116
SE,616963,601102,363472,149603,405008,0,321344,0,0,6827870,2512069
SE010,111314,176334,79752,37630,88788,0,59373,0,0,1375807,562097
SE021,19392,20850,13547,6787,16221,0,9814,0,0,227564,87688
SE022,21691,15284,9606,4693,10209,0,6947,0,0,196498,69394
SE023,33603,28100,20270,7775,21975,0,12601,0,0,319106,126007
SE024,24668,15681,13569,4170,9904,0,8770,0,0,209707,78138
SE025,19567,14447,11351,3930,10289,0,8309,0,0,196904,68746
SE091,19919,27245,13161,3674,13859,0,8483,0,0,248425,87995
SE092,11750,10655,6880,2264,8322,0,5641,0,0,137041,46407
SE093,17334,12456,8713,2826,11486,0,5920,0,0,182921,59314
SE094,4174,2725,1724,1052,3962,0,1651,0,0,44785,15390
SE041,10506,8259,4693,1894,5823,0,4205,0,0,117253,36720
SE044,76748,82984,37307,16505,46893,0,24680,0,0,879777,296465
SE0A1,18888,19881,12523,4064,16592,0,7469,0,0,214800,80837
SE0A2,101514,97120,60986,27869,78185,0,59140,0,0,1149894,433197
SE061,21252,13414,9499,4134,11032,0,9020,0,0,211539,70151
SE062,20652,13332,14034,4169,8921,0,10730,0,0,214822,72979
SE063,18283,9986,12925,4226,9633,0,9992,0,0,216043,69629
SE071,19485,9407,10153,4085,9034,0,9758,0,0,191728,64842
SE072,8985,4199,6884,2340,6938,0,6368,0,0,100293,37583
SE081,16327,9232,7187,3077,10446,0,32381,0,0,198168,79361
SE082,20911,9511,8708,2439,6496,0,20092,0,0,194795,69129
SI0,61672,216360,0,0,0,117372,0,0,0,1628901,435869
SK010,16184,47924,0,0,15178,0,0,0,0,510324,101694
SK021,8827,39056,0,0,9426,0,0,0,0,437851,66653
SK022,15605,25404,0,0,22008,0,0,0,0,476379,77334
SK023,13507,53383,0,0,15211,0,0,0,0,565652,95578
SK031,16803,35912,0,0,19006,0,0,0,0,530094,88041
SK032,19063,34355,0,0,15674,0,0,0,0,517823,87444
SK041,14304,44584,0,0,12791,0,0,0,0,581736,93045
SK042,14242,45918,0,0,10288,0,0,0,0,590604,91806
UK,3718683,0,2660768,948588,2452327,1362744,0,4397087,0,44157267,17007880
UKC,266057,0,94887,37247,138791,39658,0,144969,0,1905132,780491
UKD,576388,0,257158,117393,335063,160120,0,509446,0,5151488,2115163
UKE,413213,0,228666,90337,244607,52606,0,387369,0,3719717,1573201
UKF,294918,0,366498,76633,181964,3462,0,371359,0,3220019,1406703
UKG,336613,0,251366,73991,197479,42151,0,392937,0,3957848,1437035
UKH,244929,0,296160,84068,211378,128702,0,465526,0,4137210,1510224
UKI,466584,0,232633,158986,288790,66188,0,504941,0,5054957,1885449
UKJ,301398,0,431111,173351,338342,108542,0,776370,0,6034549,2207417
UKK,209908,0,326784,103821,265619,30824,0,457371,0,3845077,1448417
UKL,297810,0,96677,32761,96116,183989,0,177771,0,2218649,917686
UKM,310865,0,78828,0,154178,172986,0,209028,0,3839952,1176817
UKN,0,0,0,0,0,373516,0,0,0,1072669,549277
